date,symbol,entry,exit,return,first_gain,exit_reason
2026-07-01,688310.SH,15.83,15.67,-0.011865761212886924,0.05182724252491688,time_close
2026-07-01,300607.SZ,46.9,46.64,-0.006467377398720682,0.05133378166330416,time_close
2026-07-01,301297.SZ,61.98,57.0,-0.08113101000322685,0.04873096446700509,time_close
2026-07-01,300852.SZ,71.52,72.59,0.014173727628635346,0.04868035190615827,time_close
2026-07-01,600667.SH,30.51,28.89,-0.054226319239593576,0.047733516483516425,time_close
2026-07-01,688309.SH,61.93,62.82,0.013540933311803649,0.04753044654939109,time_close
2026-07-01,002042.SZ,3.75,3.54,-0.06180533333333333,0.04748603351955305,time_close
2026-07-01,300488.SZ,47.12,47.15,-0.00028809422750424447,0.04641350210970452,time_close
2026-07-01,301421.SZ,110.28,112.25,0.017152901704751543,0.04530805687203787,time_close
2026-07-01,002396.SZ,20.54,21.27,0.034048928919182084,0.045292620865140076,time_close
2026-07-02,002826.SZ,17.56,18.1,0.029097380410023042,0.06424242424242421,time_close
2026-07-02,301257.SZ,52.71,52.25,-0.009602067918800986,0.05737211634904704,time_close
2026-07-02,688309.SH,62.38,66.11,0.05894429304264187,0.057288135593220435,time_close
2026-07-02,301313.SZ,52.62,52.08,-0.011137210186240972,0.053031819091454935,time_close
2026-07-02,301231.SZ,27.9,24.95,-0.10689874551971326,0.05283018867924527,time_close
2026-07-02,301025.SZ,9.07,8.36,-0.0809459757442117,0.05220417633410679,time_close
2026-07-02,001399.SZ,44.91,42.14,-0.06259340904030283,0.05101802012637502,time_close
2026-07-02,000757.SZ,4.0,3.84,-0.04548,0.04986876640419946,time_close
2026-07-02,300781.SZ,29.5,26.58,-0.10011152542372882,0.04907539118065429,time_close
2026-07-02,600113.SH,38.4,34.4,-0.10513541666666668,0.04889374487844855,time_close
2026-07-03,300487.SZ,74.5,72.2,-0.0316255033557047,0.06261588931678785,time_close
2026-07-03,002971.SZ,77.76,64.39,-0.1726105324074075,0.052232746955344966,time_close
2026-07-03,301316.SZ,42.78,42.01,-0.01895757363253857,0.04904364884747414,time_close
2026-07-03,688553.SH,13.41,13.2,-0.017643549589858316,0.04683840749414525,time_close
2026-07-03,301191.SZ,125.35,135.01,0.07631798165137614,0.0445833333333332,time_close
2026-07-03,000506.SZ,13.87,13.11,-0.056709084354722425,0.04364183596689242,time_close
2026-07-03,688549.SH,41.7,32.39,-0.22412937649880096,0.04223944013996506,time_close
2026-07-03,301008.SZ,32.3,32.45,0.0035224458204337183,0.04193548387096757,time_close
2026-07-03,002536.SZ,49.88,55.0,0.10169406575781877,0.04090150250417368,time_close
2026-07-03,600724.SH,5.71,5.48,-0.04426269702276708,0.04007285974499086,time_close
2026-07-06,688622.SH,127.85,107.33,-0.16110428627297615,0.07545423956931363,time_close
2026-07-06,002767.SZ,19.84,18.5,-0.06901461693548387,0.06666666666666665,time_close
2026-07-06,301528.SZ,82.88,70.78,-0.14666252413127412,0.06256410256410261,time_close
2026-07-06,301345.SZ,245.3,248.26,0.011359616795760294,0.06080262930288871,time_close
2026-07-06,002667.SZ,12.7,10.49,-0.17600354330708662,0.05833333333333335,time_close
2026-07-06,603466.SH,12.79,11.63,-0.09271422986708366,0.055280528052805256,time_close
2026-07-06,002774.SZ,15.23,14.25,-0.06612770847012475,0.054709141274238204,time_close
2026-07-06,301222.SZ,36.89,31.83,-0.13813811330984008,0.054301228922549294,time_close
2026-07-06,301630.SZ,242.0,230.54,-0.04802695867768595,0.05212816834050704,time_close
2026-07-06,300147.SZ,10.09,9.27,-0.08371010901883053,0.05104166666666665,time_close
2026-07-07,300961.SZ,13.73,12.59,-0.0849450109249818,0.08881839809674874,time_close
2026-07-07,600793.SH,19.3,18.41,-0.047627202072538864,0.07222222222222219,time_close
2026-07-07,002805.SZ,29.25,24.65,-0.15837008547008546,0.0706442166910688,time_close
2026-07-07,301516.SZ,16.95,19.12,0.12627964601769912,0.06336260978670016,time_close
2026-07-07,300881.SZ,41.17,36.31,-0.11897388875394704,0.06108247422680435,time_close
2026-07-07,300992.SZ,28.34,25.76,-0.09219760056457305,0.05864774000747097,time_close
2026-07-07,688115.SH,77.62,72.6,-0.06539938160267984,0.05605442176870756,time_close
2026-07-07,603819.SH,14.85,13.4,-0.09944107744107743,0.0546875,time_close
2026-07-07,300420.SZ,9.69,8.6,-0.11499484004127968,0.054406964091403776,time_close
2026-07-07,000506.SZ,12.47,13.42,0.07404089815557337,0.054099746407438865,time_close
2026-07-08,300242.SZ,4.64,4.39,-0.058662715517241386,0.06912442396313367,time_close
2026-07-08,301151.SZ,21.33,21.41,0.002311064228785748,0.05385375494071143,time_close
2026-07-08,301592.SZ,132.43,130.19,-0.01760444763271162,0.05086494207268699,time_close
2026-07-08,002768.SZ,61.54,59.55,-0.033145515112122194,0.05052919085011953,time_close
2026-07-08,603272.SH,20.68,22.1,0.06716392649903288,0.04815002534211854,time_close
2026-07-08,002479.SZ,4.59,4.42,-0.04187581699346405,0.047945205479452024,time_close
2026-07-08,301356.SZ,27.5,25.2,-0.08482181818181818,0.04562737642585546,time_close
2026-07-08,000811.SZ,55.88,55.11,-0.014630547602004294,0.04468124883155733,time_close
2026-07-08,688691.SH,109.0,116.05,0.06394009174311927,0.043661432401378875,time_close
2026-07-08,603356.SH,17.48,16.56,-0.05424942791762027,0.042959427207637235,time_close
2026-07-09,300845.SZ,12.7,11.95,-0.061100393700787396,0.08547008547008539,time_close
2026-07-09,688272.SH,36.16,35.77,-0.011833102876105945,0.0733155238943306,time_close
2026-07-09,603726.SH,33.35,32.71,-0.020280509745127434,0.06856776674142906,time_close
2026-07-09,301317.SZ,57.0,62.0,0.08682456140350876,0.06184798807749625,time_close
2026-07-09,002638.SZ,3.9,3.88,-0.010753846153846154,0.054054054054053946,time_close
2026-07-09,002973.SZ,10.54,10.15,-0.03938092979127135,0.05294705294705282,time_close
2026-07-09,000838.SZ,2.06,2.21,0.06257038834951456,0.05102040816326525,time_close
2026-07-09,002552.SZ,63.95,60.34,-0.057234870992963253,0.05008210180623984,time_close
2026-07-09,603666.SH,27.6,28.65,0.03679981884057971,0.04982883225561063,time_close
2026-07-09,002137.SZ,11.68,12.02,0.026882705479452054,0.04847396768402157,time_close
2026-07-10,688619.SH,14.58,12.09,-0.17256824417009603,0.06345733041575485,time_close
2026-07-10,301317.SZ,61.0,57.63,-0.05604614754098361,0.0608695652173914,time_close
2026-07-10,301235.SZ,60.55,52.01,-0.14180024772914945,0.057272568535009505,time_close
2026-07-10,688726.SH,47.58,44.04,-0.07528415300546448,0.05265486725663715,time_close
2026-07-10,300980.SZ,31.54,27.37,-0.13328107165504122,0.05238571905238576,time_close
2026-07-10,002356.SZ,2.82,2.7,-0.050124113475177305,0.05223880597014907,time_close
2026-07-10,001359.SZ,119.28,112.88,-0.05432307176391683,0.04944571529121955,time_close
2026-07-10,300257.SZ,28.95,24.94,-0.1396362694300518,0.047016274864376095,time_close
2026-07-10,301590.SZ,144.3,128.5,-0.11012841302841314,0.04633456602131836,time_close
2026-07-10,301696.SZ,121.2,119.0,-0.018840924092409242,0.04581931141599793,time_close
2026-07-13,603559.SH,9.49,8.31,-0.12688672286617492,0.05915178571428559,time_close
2026-07-13,605178.SH,108.0,98.33,-0.09018486111111111,0.05882352941176472,time_close
2026-07-13,301379.SZ,37.9,37.06,-0.023180211081794192,0.05806811836962589,time_close
2026-07-13,301092.SZ,57.47,58.57,0.018282843222550898,0.05546372819100087,time_close
2026-07-13,300990.SZ,116.55,120.41,0.03239896181896182,0.054655687268120534,time_close
2026-07-13,002329.SZ,3.48,3.48,-0.006247126436781609,0.054545454545454675,time_close
2026-07-13,000955.SZ,4.51,4.21,-0.071420177383592,0.05373831775700921,time_close
2026-07-13,300992.SZ,24.45,23.7,-0.031977505112474436,0.05297157622739013,time_close
2026-07-13,003005.SZ,12.89,12.23,-0.05322847168347557,0.050529747351263365,time_close
2026-07-13,301520.SZ,47.91,48.99,0.021613546232519307,0.04996712689020377,time_close
2026-07-14,301526.SZ,36.09,37.0,0.02414796342477128,0.05960070463887268,time_close
2026-07-14,001359.SZ,121.52,109.61,-0.09864975312705727,0.05678754674319508,time_close
2026-07-14,688479.SH,32.15,35.31,0.0971180404354588,0.05375286791215994,time_close
2026-07-14,002185.SZ,25.04,23.11,-0.07833686102236422,0.04769874476987446,time_close
2026-07-14,600962.SH,25.77,25.65,-0.00593034536282499,0.045012165450121655,time_close
2026-07-14,002156.SZ,74.87,78.71,0.050496126619473634,0.04450334821428559,time_close
2026-07-14,301202.SZ,37.97,34.29,-0.09789689228338161,0.0431318681318682,time_close
2026-07-14,605189.SH,14.16,15.64,0.1025550847457627,0.04194260485651213,time_close
2026-07-14,600722.SH,8.52,8.06,-0.05681103286384977,0.041564792176039145,time_close
2026-07-14,688729.SH,34.22,33.87,-0.011307276446522635,0.04075425790754239,time_close
2026-07-15,301323.SZ,81.65,73.2,-0.10418371096142079,0.06509261674928268,time_close
2026-07-15,688171.SH,26.71,26.94,0.007357918382628228,0.06499202551834138,time_close
2026-07-15,003020.SZ,19.93,19.72,-0.012035122930255895,0.0640683395621997,time_close
2026-07-15,300528.SZ,15.4,17.99,0.16629902597402582,0.0620689655172415,time_close
2026-07-15,688433.SH,87.5,89.47,0.021774457142857143,0.06022052586938087,time_close
2026-07-15,688192.SH,67.06,64.0,-0.04640620339994035,0.05889783672824889,time_close
2026-07-15,600671.SH,19.65,20.25,0.029001272264631162,0.056451612903225756,time_close
2026-07-15,002828.SZ,12.42,12.39,-0.004524557165861514,0.05343511450381677,time_close
2026-07-15,002986.SZ,12.22,12.11,-0.01113379705400982,0.05254091300602948,time_close
2026-07-15,002829.SZ,17.49,18.84,0.0755048599199544,0.05045045045045038,time_close
2026-07-16,300528.SZ,17.55,15.99,-0.09048404558404557,0.07012195121951237,time_close
2026-07-16,688302.SH,44.39,37.0,-0.16734624915521515,0.06886588008668437,time_close
2026-07-16,300154.SZ,9.06,7.72,-0.15053642384105959,0.06338028169014098,time_close
2026-07-16,600829.SH,10.67,9.36,-0.12508716026241798,0.060636182902584324,time_close
2026-07-16,000014.SZ,9.68,9.37,-0.03457489669421499,0.05908096280087527,time_close
2026-07-16,603725.SH,14.23,13.67,-0.04123928320449754,0.0525147928994083,time_close
2026-07-16,301321.SZ,42.83,38.46,-0.10294723324772356,0.05181728880157177,time_close
2026-07-16,300968.SZ,9.77,11.16,0.13965404298874104,0.0516684607104414,time_close
2026-07-16,300083.SZ,12.39,10.83,-0.1279592413236481,0.05089058524173051,time_close
2026-07-16,300522.SZ,15.53,12.81,-0.17684513844172567,0.04861580013504385,time_close
2026-07-17,300795.SZ,10.12,11.09,0.09332559288537562,0.07889125799573549,time_close
2026-07-17,300911.SZ,23.34,19.1,-0.18292844901456717,0.07064220183486225,time_close
2026-07-17,002682.SZ,4.53,4.0,-0.12185430463576159,0.06338028169014098,time_close
2026-07-17,300766.SZ,22.94,23.38,0.01779904097646033,0.06105457909343204,time_close
2026-07-17,600664.SH,5.38,5.31,-0.017222118959107805,0.05490196078431375,time_close
2026-07-17,300164.SZ,10.69,12.2,0.1388119738072965,0.05424063116370803,time_close
2026-07-17,002490.SZ,7.95,7.8,-0.021874213836477988,0.04881266490765168,time_close
2026-07-17,605028.SH,25.1,23.45,-0.06700099601593626,0.046269278866194474,time_close
2026-07-17,300483.SZ,17.85,18.8,0.05157422969187662,0.04324956165984806,time_close
2026-07-17,603327.SH,8.97,8.18,-0.09075696767001128,0.04302325581395361,time_close
2026-07-20,001388.SZ,25.2,24.05,-0.04690575396825397,0.059714045416316086,time_close
2026-07-20,600785.SH,8.77,7.95,-0.09623432155074116,0.056626506024096246,time_close
2026-07-20,688578.SH,115.98,133.0,0.14596138989480945,0.04760184265197376,time_close
2026-07-20,603327.SH,8.27,8.18,-0.0137956469165659,0.044191919191919116,time_close
2026-07-20,600850.SH,14.6,14.62,-0.0005006849315068492,0.04211277658815127,time_close
2026-07-20,002028.SZ,155.98,155.89,-0.0012766508526734196,0.040560373582388065,time_close
2026-07-20,300137.SZ,11.39,12.19,0.06794600526777876,0.040182648401826615,time_close
2026-07-20,300534.SZ,10.15,13.8,0.35695566502463055,0.03995901639344268,time_close
2026-07-20,300779.SZ,58.23,57.6,-0.011657221363558302,0.03982142857142845,time_close
2026-07-20,300577.SZ,21.33,19.99,-0.06422855133614638,0.03947368421052633,time_close
2026-07-21,301588.SZ,30.24,34.01,0.12344560185185185,0.06441393875395973,time_close
2026-07-21,688719.SH,44.7,48.35,0.08066722595078299,0.06428571428571428,time_close
2026-07-21,002726.SZ,2.03,1.97,-0.0398940886699506,0.04639175257731942,time_close
2026-07-21,688646.SH,58.0,61.27,0.05550629310344828,0.04129263913824044,time_close
2026-07-21,601026.SH,15.52,14.48,-0.06876546391752578,0.04091213950368866,time_close
2026-07-21,001288.SZ,24.17,25.6,0.05780719900703351,0.03867640739149136,time_close
2026-07-21,301115.SZ,22.38,22.15,-0.011665549597855228,0.03563165201295693,time_close
2026-07-21,603407.SH,58.49,64.34,0.09912514959822193,0.03394025101643994,time_close
2026-07-21,603020.SH,9.95,9.28,-0.06981306532663317,0.03322949117341634,time_close
2026-07-21,688635.SH,258.58,255.9,-0.0110580787377214,0.03019920318725089,time_close
2026-07-22,300834.SZ,36.0,38.6,0.07113055555555556,0.09090909090909083,time_close
2026-07-22,300522.SZ,13.2,11.7,-0.11559469696969697,0.07229894394800973,time_close
2026-07-22,300951.SZ,44.52,45.6,0.0232973944294699,0.06303724928366772,time_close
2026-07-22,301093.SZ,67.83,62.4,-0.0808079021082117,0.062333594361785316,time_close
2026-07-22,300901.SZ,11.72,11.94,0.01655546075085324,0.060633484162895934,time_close
2026-07-22,300688.SZ,21.59,26.08,0.20643631310792035,0.05937193326790968,time_close
2026-07-22,301237.SZ,52.11,51.28,-0.016803684513529073,0.052727272727272734,time_close
2026-07-22,300643.SZ,20.03,20.79,0.03642561158262606,0.05254860746190215,time_close
2026-07-22,688314.SH,31.5,30.5,-0.03286507936507937,0.050000000000000044,time_close
2026-07-22,301367.SZ,47.55,52.66,0.10649148264984228,0.04966887417218535,time_close
2026-07-23,001388.SZ,22.25,21.44,-0.03778516853932584,0.06053384175405152,time_close
2026-07-23,002380.SZ,28.63,27.11,-0.05426318546978694,0.05257352941176463,time_close
2026-07-23,300049.SZ,43.33,42.23,-0.02633544888068313,0.046618357487922646,time_close
2026-07-23,301535.SZ,13.88,16.41,0.18024459654178673,0.04596834966088936,time_close
2026-07-23,000626.SZ,6.45,6.43,-0.0067,0.04538087520259326,time_close
2026-07-23,000661.SZ,80.7,75.41,-0.06626648079306072,0.044660194174757306,time_close
2026-07-23,002229.SZ,9.74,9.61,-0.015893737166324435,0.040598290598290676,time_close
2026-07-23,603519.SH,13.55,14.7,0.08285239852398524,0.03990790483499618,time_close
2026-07-23,688115.SH,41.98,45.11,0.07354561696045736,0.03782447466007399,time_close
2026-07-23,688685.SH,34.48,34.26,-0.007457366589327015,0.03730445246690728,time_close
2026-07-24,300753.SZ,19.8,21.91,0.10500227272727274,0.05487480021310609,time_close
2026-07-24,300916.SZ,19.95,18.91,-0.05360676691729323,0.05166051660516602,time_close
2026-07-24,000779.SZ,9.78,10.61,0.08227965235173837,0.04935622317596566,time_close
2026-07-24,002907.SZ,13.38,12.5,-0.06773168908819133,0.04449648711943799,time_close
2026-07-24,301155.SZ,41.5,40.24,-0.03132819277108434,0.042975622015581916,time_close
2026-07-24,301535.SZ,14.67,16.88,0.14870892978868439,0.04116394606103624,time_close
2026-07-24,600173.SH,6.29,6.03,-0.044994435612082676,0.03966942148760344,time_close
2026-07-24,688353.SH,100.8,100.98,0.0010846428571428572,0.039175257731958624,time_close
2026-07-24,000035.SZ,5.08,4.66,-0.08707283464566928,0.03885480572597144,time_close
2026-07-24,301345.SZ,244.99,260.0,0.0605310461651496,0.03809322033898299,time_close
2026-07-27,301121.SZ,33.24,31.99,-0.03868817689530686,0.09055118110236227,time_close
2026-07-27,301310.SZ,56.0,58.45,0.04287098214285714,0.08087241845203619,time_close
2026-07-27,300801.SZ,24.47,23.57,-0.03807866775643645,0.06855895196506556,time_close
2026-07-27,600241.SH,6.75,6.8,0.003940740740740741,0.061320754716981174,time_close
2026-07-27,300214.SZ,13.35,14.0,0.04666666666666666,0.059523809523809534,time_close
2026-07-27,002300.SZ,7.31,7.07,-0.036051299589603285,0.05942028985507242,time_close
2026-07-27,300317.SZ,4.5,4.86,0.07501555555555568,0.05882352941176472,time_close
2026-07-27,301273.SZ,39.62,39.4,-0.0065547703180210875,0.05316321105794786,time_close
2026-07-27,002969.SZ,11.39,12.61,0.10480201931518876,0.050738007380073835,time_close
2026-07-27,600578.SH,5.48,5.41,-0.01691697080291971,0.049808429118774145,time_close
2026-07-28,300600.SZ,10.02,9.97,-0.007483532934131623,0.06709265175718837,time_close
2026-07-28,603567.SH,6.75,6.38,-0.058250370370370376,0.051401869158878455,time_close
2026-07-28,300469.SZ,50.56,48.17,-0.048142503955696206,0.050051921079958595,time_close
2026-07-28,300530.SZ,17.25,20.38,0.1796991304347826,0.0492700729927007,time_close
2026-07-28,603389.SH,46.0,44.4,-0.0357,0.045454545454545414,time_close
2026-07-28,603324.SH,28.8,25.32,-0.12196736111111112,0.04537205081669682,time_close
2026-07-28,002448.SZ,12.63,12.21,-0.03532106096595408,0.04380165289256199,time_close
2026-07-28,600876.SH,6.71,6.73,-0.0005014903129657228,0.043545878693623585,time_close
2026-07-28,300753.SZ,23.77,23.58,-0.00933066891039125,0.043459174714661986,time_close
2026-07-28,002584.SZ,7.5,7.28,-0.03248533333333333,0.04166666666666674,time_close
2026-07-29,300291.SZ,5.41,4.79,-0.11874214417744917,0.06916996047430835,time_close
2026-07-29,300875.SZ,34.65,36.0,0.037864357864357864,0.06615384615384601,time_close
2026-07-29,600326.SH,6.78,7.18,0.05551769911504425,0.049535603715170407,time_close
2026-07-29,000533.SZ,11.35,10.92,-0.04012863436123348,0.048014773776546615,time_close
2026-07-29,000011.SZ,7.69,7.99,0.03589141742522757,0.04768392370572205,time_close
2026-07-29,603161.SH,15.16,13.89,-0.0855504617414248,0.046961325966850875,time_close
2026-07-29,688004.SH,22.93,21.28,-0.07329437418229394,0.04655408489274304,time_close
2026-07-29,000636.SZ,45.87,50.5,0.0999509483322433,0.04249999999999998,time_close
2026-07-29,600722.SH,10.08,10.88,0.07684126984126985,0.04239917269906934,time_close
2026-07-29,300997.SZ,16.09,17.61,0.09267837165941578,0.04209844559585485,time_close
2026-07-30,688175.SH,17.99,16.63,-0.07717148415786537,0.075956937799043,time_close
2026-07-30,002585.SZ,8.49,9.1,0.06895759717314488,0.0692695214105794,time_close
2026-07-30,002199.SZ,13.94,13.67,-0.021293758967001433,0.06007604562737634,time_close
2026-07-30,301349.SZ,40.12,37.17,-0.0744911515453638,0.05690200210748153,time_close
2026-07-30,688218.SH,32.85,32.22,-0.020277321156773213,0.051200000000000134,time_close
2026-07-30,300242.SZ,4.8,4.52,-0.06297083333333345,0.05032822757111588,time_close
2026-07-30,600722.SH,10.91,10.74,-0.017907424381301558,0.05004812319538021,time_close
2026-07-30,605388.SH,6.12,6.21,0.010930555555555554,0.04436860068259385,time_close
2026-07-30,300533.SZ,14.62,14.6,-0.0032352941176470593,0.04428571428571426,time_close
2026-07-30,300585.SZ,13.34,14.13,0.0571915292353823,0.040561622464898583,time_close
2026-07-31,300795.SZ,13.95,14.2,0.015978494623655914,0.06245239908606237,time_close
2026-07-31,301396.SZ,153.86,147.21,-0.043895177434031055,0.061103448275862116,time_close
2026-07-31,688669.SH,60.75,56.3,-0.07404362139917696,0.056705514002435065,time_close
2026-07-31,000009.SZ,7.37,7.88,0.06595115332428765,0.05436337625178833,time_close
2026-07-31,603580.SH,53.8,48.9,-0.0919042750929368,0.05283757338551842,time_close
2026-07-31,300755.SZ,11.48,11.61,0.009076219512195121,0.04744525547445244,time_close
2026-07-31,300663.SZ,9.44,10.37,0.09584904661016949,0.04656319290465638,time_close
2026-07-31,605188.SH,11.92,12.47,0.04394001677852349,0.04469763365468893,time_close
2026-07-31,300508.SZ,35.66,40.45,0.1331961581604041,0.04452255418863493,time_close
2026-07-31,300097.SZ,7.83,7.99,0.017369731800766283,0.04400000000000004,time_close
2026-08-03,301182.SZ,57.83,64.4,0.11270620785059673,0.09216241737488184,time_close
2026-08-03,605179.SH,20.65,21.69,0.048869491525423726,0.06663223140495855,time_close
2026-08-03,301596.SZ,45.52,49.68,0.09040333919156415,0.06479532163742707,time_close
2026-08-03,603261.SH,49.92,49.85,-0.0023021834935897435,0.057627118644067776,time_close
2026-08-03,600162.SH,3.38,3.24,-0.04781656804733728,0.052959501557632294,time_close
2026-08-03,301125.SZ,12.73,13.67,0.07173330714846819,0.05206611570247932,time_close
2026-08-03,301382.SZ,34.97,41.0,0.17127537889619676,0.042946614971667074,time_close
2026-08-03,300936.SZ,60.49,62.0,0.024119689204827245,0.04203273040482358,time_close
2026-08-03,000338.SZ,29.11,28.64,-0.017324630711095843,0.04150268336314844,time_close
2026-08-03,301205.SZ,231.22,266.94,0.15369221520629703,0.04148461781000856,time_close
2026-08-04,301047.SZ,72.78,90.6,0.24395026106073098,0.03926888476367263,time_close
2026-08-04,300822.SZ,11.94,12.78,0.06814154103852596,0.037358818418766315,time_close
2026-08-04,688781.SH,37.8,38.61,0.020388756613756737,0.03703703703703698,time_close
2026-08-04,300534.SZ,13.66,13.61,-0.005622620790629576,0.034848484848484906,time_close
2026-08-04,688622.SH,115.88,108.2,-0.06693569209527098,0.03473524421823382,time_close
2026-08-04,688318.SH,78.74,81.46,0.0337727965455931,0.03469119579500668,time_close
2026-08-04,605179.SH,20.88,23.34,0.11629932950191571,0.03417533432392261,time_close
2026-08-04,300986.SZ,11.26,12.8,0.13442273534635882,0.031135531135531025,time_close
2026-08-04,300720.SZ,52.58,64.68,0.2291300874857362,0.03077827876886885,time_close
2026-08-04,000739.SZ,21.3,21.88,0.025777464788732395,0.030478955007256836,time_close
2026-08-05,300489.SZ,175.3,202.0,0.15151893896177981,0.08209876543209882,time_close
2026-08-05,301113.SZ,15.86,15.62,-0.016885876418663303,0.05945223780895126,time_close
2026-08-05,002957.SZ,36.4,38.64,0.060458241758241764,0.05507246376811592,time_close
2026-08-05,300686.SZ,14.31,15.23,0.06236093640810622,0.05220588235294121,time_close
2026-08-05,688661.SH,96.18,104.0,0.08055312954876273,0.05114754098360663,time_close
2026-08-05,301159.SZ,34.64,32.32,-0.06801847575057737,0.04937897606785824,time_close
2026-08-05,300720.SZ,62.75,72.7,0.15766772908366533,0.047579298831385675,time_close
2026-08-05,603201.SH,16.95,17.3,0.018958702064896756,0.04565083281924731,time_close
2026-08-05,300604.SZ,255.51,278.53,0.08934026456890126,0.04541549036455139,time_close
2026-08-05,300552.SZ,24.66,23.6,-0.04427412814274129,0.044472681067344366,time_close
2026-08-06,688170.SH,52.59,53.95,0.02496719908727895,0.06242424242424249,time_close
2026-08-06,002552.SZ,43.27,47.6,0.09905708342962792,0.05485129205265715,time_close
2026-08-06,001288.SZ,27.55,27.8,0.007843920145190562,0.04832572298325721,time_close
2026-08-06,601101.SH,12.26,13.5,0.09896003262642741,0.04607508532423199,time_close
2026-08-06,300386.SZ,11.02,11.86,0.07387205081669691,0.04554079696394697,time_close
2026-08-06,003043.SZ,68.89,67.5,-0.020957323268979533,0.04473764027904159,time_close
2026-08-06,605186.SH,25.6,26.05,0.0162880859375,0.04447164422684624,time_close
2026-08-06,603823.SH,66.35,65.9,-0.007580256217030624,0.04062107904642409,time_close
2026-08-06,300720.SZ,66.43,75.95,0.1424360228812282,0.03975583033338559,time_close
2026-08-06,301205.SZ,265.03,281.88,0.06283956155906893,0.03929257676169562,time_close
2026-08-07,301326.SZ,100.48,105.24,0.04664418789808917,0.05779555742709763,time_close
2026-08-07,300345.SZ,6.08,6.37,0.043884046052631576,0.04288164665523153,time_close
2026-08-07,300916.SZ,22.91,25.41,0.10769511130510694,0.04278561675011394,time_close
2026-08-07,002838.SZ,27.09,25.99,-0.041823366555924696,0.04192307692307695,time_close
2026-08-07,688026.SH,16.22,18.07,0.11226664611590628,0.04174694926139999,time_close
2026-08-07,300083.SZ,14.33,14.57,0.014844033496161898,0.04066811909949175,time_close
2026-08-07,002916.SZ,372.37,372.4,-0.0006194833096114081,0.04013966480446918,time_close
2026-08-07,300489.SZ,215.38,237.0,0.09962049401058595,0.037026337329673975,time_close
2026-08-07,002180.SZ,20.58,18.7,-0.09277696793002915,0.035211267605633756,time_close
2026-08-07,688392.SH,144.98,152.0,0.04769141950613891,0.03490613177243196,time_close
2026-08-10,301486.SZ,164.17,153.11,-0.0680287689590058,0.07441099476439783,time_close
2026-08-10,688137.SH,52.0,56.5,0.08561057692307693,0.06404747288725199,time_close
2026-08-10,688759.SH,25.98,26.78,0.029507698229407235,0.053955375253549764,time_close
2026-08-10,301067.SZ,29.2,30.91,0.05734743150684932,0.051494418437162404,time_close
2026-08-10,300985.SZ,35.5,34.4,-0.03203380281690141,0.050295857988165826,time_close
2026-08-10,688073.SH,71.44,75.41,0.05476336786114221,0.04766094735298432,time_close
2026-08-10,300702.SZ,22.81,22.57,-0.01189324857518632,0.045371219065077906,time_close
2026-08-10,300795.SZ,16.16,15.2,-0.06111386138613862,0.04460245636716231,time_close
2026-08-10,300591.SZ,7.81,8.1,0.03405249679897567,0.04133333333333322,time_close
2026-08-10,688596.SH,69.68,69.98,0.0035162169919631292,0.041243275552899084,time_close
2026-08-11,300599.SZ,12.49,11.99,-0.042113290632506004,0.05311973018549754,time_close
2026-08-11,600403.SH,7.34,6.71,-0.08901294277929155,0.04857142857142849,time_close
2026-08-11,002370.SZ,6.12,5.96,-0.029898692810457518,0.047945205479452024,time_close
2026-08-11,600272.SH,15.6,17.27,0.10521570512820513,0.046979865771812124,time_close
2026-08-11,688536.SH,259.0,267.97,0.033912424710424854,0.04502905100064547,time_close
2026-08-11,688663.SH,54.0,55.21,0.02152583333333333,0.044487427466150864,time_close
2026-08-11,002552.SZ,56.5,60.07,0.06230026548672567,0.04339796860572487,time_close
2026-08-11,301251.SZ,43.34,43.67,0.006648938624826949,0.04182692307692304,time_close
2026-08-11,688141.SH,145.76,136.9,-0.06144838090010977,0.04114285714285715,time_close
2026-08-11,301161.SZ,28.38,28.1,-0.011065891472868218,0.03956043956043942,time_close
2026-08-12,001223.SZ,41.28,40.56,-0.01841763565891473,0.05145185939887931,time_close
2026-08-12,603102.SH,39.51,41.23,0.04250531511009871,0.04996013818761624,time_close
2026-08-12,600272.SH,16.57,16.0,-0.03608931804465902,0.04873417721518991,time_close
2026-08-12,300353.SZ,20.6,19.03,-0.07764635922330097,0.045685279187817285,time_close
2026-08-12,002885.SZ,31.88,31.74,-0.005516624843161857,0.04285246974157664,time_close
2026-08-12,002990.SZ,56.1,53.45,-0.04806996434937612,0.04275092936802971,time_close
2026-08-12,301183.SZ,200.14,196.93,-0.016729149595283304,0.04239583333333319,time_close
2026-08-12,688293.SH,66.16,67.53,0.01989472490931076,0.0417257124862227,time_close
2026-08-12,600721.SH,13.88,14.5,0.042705331412103746,0.041260315078769816,time_close
2026-08-12,605288.SH,67.23,65.55,-0.025773836085081065,0.040550998297477214,time_close
2026-08-13,301631.SZ,68.88,66.5,-0.03532592915214866,0.07658643326039383,time_close
2026-08-13,301077.SZ,23.7,24.01,0.011729746835443039,0.06278026905829592,time_close
2026-08-13,600191.SH,11.18,10.3,-0.08096153846153846,0.05571293673276667,time_close
2026-08-13,300603.SZ,8.54,8.9,0.03929156908665119,0.05562422744128548,time_close
2026-08-13,300943.SZ,32.14,28.67,-0.10903344741754822,0.05377049180327864,time_close
2026-08-13,002706.SZ,9.65,10.01,0.034714507772020724,0.053493449781659486,time_close
2026-08-13,600800.SH,3.61,3.59,-0.011577562326869807,0.046376811594202705,time_close
2026-08-13,300518.SZ,26.39,24.47,-0.07397631678666161,0.04514851485148519,time_close
2026-08-13,002131.SZ,5.77,5.33,-0.08018457538994801,0.04339963833634708,time_close
2026-08-13,600162.SH,5.18,4.7,-0.09697876447876448,0.04225352112676051,time_close
2026-08-14,002418.SZ,3.99,4.06,0.012022556390977301,0.06400000000000006,time_close
2026-08-14,002279.SZ,7.46,6.92,-0.07553083109919571,0.056657223796034106,time_close
2026-08-14,600800.SH,4.11,3.52,-0.14884671532846727,0.05384615384615388,time_close
2026-08-14,002951.SZ,17.32,18.66,0.07567378752886836,0.05033353547604613,time_close
2026-08-14,300634.SZ,21.44,21.3,-0.007959421641791045,0.04995102840352583,time_close
2026-08-14,002131.SZ,5.65,5.32,-0.062417699115044245,0.04243542435424352,time_close
2026-08-14,688345.SH,54.68,57.76,0.055433796634967086,0.04092899295640584,time_close
2026-08-14,688485.SH,62.6,80.12,0.27891277955271565,0.040212695247590524,time_close
2026-08-14,301326.SZ,108.11,111.89,0.034243409490333915,0.039519230769230695,time_close
2026-08-14,301171.SZ,38.48,39.23,0.018461148648648652,0.039438141545110605,time_close
2026-08-17,301127.SZ,16.81,19.41,0.1529027364663892,0.05989911727616648,time_close
2026-08-17,301335.SZ,23.46,22.55,-0.040122549019607844,0.05962059620596216,time_close
2026-08-17,002448.SZ,13.36,13.83,0.033165044910179645,0.058637083993660966,time_close
2026-08-17,688218.SH,46.4,47.25,0.01737877155172414,0.05167724388032635,time_close
2026-08-17,300679.SZ,45.89,55.35,0.20510623229461755,0.05083581405999538,time_close
2026-08-17,603880.SH,8.43,9.39,0.11094958481613286,0.0472049689440992,time_close
2026-08-17,002046.SZ,49.69,52.08,0.04717166431877641,0.04390756302520993,time_close
2026-08-17,300548.SZ,208.97,215.65,0.03124713116715318,0.04224438902743133,time_close
2026-08-17,301379.SZ,24.54,24.3,-0.011090057049714752,0.042038216560509545,time_close
2026-08-17,688655.SH,40.88,45.01,0.09998764677103707,0.040203562340967114,time_close
2026-08-18,300254.SZ,9.98,8.73,-0.12769188376753507,0.058324496288441274,time_close
2026-08-18,300314.SZ,16.04,13.84,-0.1388354114713217,0.0566534914361001,time_close
2026-08-18,002581.SZ,5.05,5.2,0.02522772277227723,0.05648535564853541,time_close
2026-08-18,605133.SH,29.5,27.2,-0.07910508474576272,0.051693404634581164,time_close
2026-08-18,600127.SH,7.11,7.82,0.09649648382559774,0.04867256637168138,time_close
2026-08-18,688807.SH,320.0,289.74,-0.0952057625,0.047703238057820174,time_close
2026-08-18,301111.SZ,21.68,22.66,0.04375784132841329,0.04734299516908225,time_close
2026-08-18,300797.SZ,14.9,14.77,-0.01056275167785235,0.04341736694677878,time_close
2026-08-18,301631.SZ,71.96,67.25,-0.06619823513062802,0.04289855072463755,time_close
2026-08-18,003019.SZ,26.37,23.25,-0.11951554797117937,0.041469194312796276,time_close
2026-08-19,301232.SZ,128.38,102.16,-0.2048148777068079,0.06099173553719006,time_close
2026-08-19,600371.SH,8.83,8.6,-0.028799546998867498,0.05244338498212153,time_close
2026-08-19,001301.SZ,62.32,64.18,0.029010109114249182,0.042663543583737695,time_close
2026-08-19,000523.SZ,3.27,3.53,0.07285474006116208,0.0414012738853502,time_close
2026-08-19,300483.SZ,24.03,22.63,-0.059563670411985015,0.039359861591695466,time_close
2026-08-19,603326.SH,7.22,6.99,-0.0351101108033241,0.03884892086330938,time_close
2026-08-19,688102.SH,42.58,33.1,-0.22349812118365428,0.03853658536585369,time_close
2026-08-19,600613.SH,8.54,8.56,-0.0005011709601872205,0.03766707168894268,time_close
2026-08-19,605388.SH,6.37,6.05,-0.05385007849293564,0.037459283387622166,time_close
2026-08-19,301251.SZ,48.79,48.42,-0.008489649518343923,0.036321155480034006,time_close
2026-08-20,301130.SZ,38.72,31.38,-0.1904878615702479,0.07705146036161326,time_close
2026-08-20,000590.SZ,9.69,9.05,-0.0685784313725489,0.07190265486725678,time_close
2026-08-20,002742.SZ,4.56,4.06,-0.11448026315789475,0.0604651162790697,time_close
2026-08-20,000952.SZ,6.74,6.38,-0.056853115727002974,0.056426332288401326,time_close
2026-08-20,600127.SH,8.6,8.2,-0.04931395348837222,0.04878048780487809,time_close
2026-08-20,688193.SH,50.16,48.06,-0.042743819776714514,0.04543559816590248,time_close
2026-08-20,603221.SH,25.4,26.26,0.03255393700787401,0.04526748971193406,time_close
2026-08-20,688670.SH,17.0,15.95,-0.06341029411764706,0.042944785276073594,time_close
2026-08-20,000813.SZ,3.68,3.27,-0.11729211956521739,0.04249291784702569,time_close
2026-08-20,001360.SZ,17.58,18.22,0.03474914675767932,0.04023668639053257,time_close
2026-08-21,300399.SZ,19.83,18.24,-0.08165002521432174,0.07889009793253532,time_close
2026-08-21,688137.SH,72.27,75.49,0.0437561228725611,0.07241430479299593,time_close
2026-08-21,688114.SH,73.5,70.56,-0.040752108843537416,0.06475445458496298,time_close
2026-08-21,300546.SZ,17.79,19.29,0.08265064643057898,0.05017709563164097,time_close
2026-08-21,688272.SH,29.18,27.88,-0.04571418779986292,0.04964028776978413,time_close
2026-08-21,300109.SZ,15.62,15.95,0.019335787451984634,0.04832214765100673,time_close
2026-08-21,600851.SH,8.7,8.44,-0.03266896551724125,0.04819277108433728,time_close
2026-08-21,603052.SH,57.54,56.82,-0.013354362182829335,0.04599163788402105,time_close
2026-08-21,688628.SH,86.0,83.71,-0.027347151162790698,0.044830518770501815,time_close
2026-08-21,002365.SZ,16.71,15.11,-0.09740005984440456,0.04437500000000005,time_close
2026-08-24,003040.SZ,13.64,15.48,0.13286363636363635,0.07317073170731714,time_close
2026-08-24,300135.SZ,3.65,3.51,-0.04431643835616438,0.067251461988304,time_close
2026-08-24,300546.SZ,18.6,18.54,-0.004799462365591519,0.05862265224815033,time_close
2026-08-24,603823.SH,73.86,66.95,-0.09427937990793392,0.05544441268933964,time_close
2026-08-24,002881.SZ,39.96,39.8,-0.005002502502502616,0.05213270142180115,time_close
2026-08-24,603395.SH,26.89,28.55,0.0604583488285608,0.04998047637641556,time_close
2026-08-24,603626.SH,19.35,20.05,0.03462403100775182,0.04538087520259326,time_close
2026-08-24,002017.SZ,15.98,16.95,0.05891896120150188,0.04444444444444451,time_close
2026-08-24,300751.SZ,205.86,211.5,0.02668082191780822,0.04211805204009322,time_close
2026-08-24,688553.SH,12.94,11.96,-0.077741885625966,0.041867954911433136,time_close
2026-08-25,300642.SZ,15.53,17.24,0.10826658081133277,0.06735395189003435,time_close
2026-08-25,002949.SZ,11.98,13.68,0.1396627712854758,0.05830388692579502,time_close
2026-08-25,002880.SZ,22.55,24.22,0.07263370288248336,0.05719643694327248,time_close
2026-08-25,301141.SZ,43.02,41.96,-0.025592282659228267,0.057002457002456985,time_close
2026-08-25,603958.SH,23.98,23.67,-0.014255004170141786,0.05638766519823801,time_close
2026-08-25,603200.SH,42.78,42.69,-0.003070243104254324,0.05239852398523981,time_close
2026-08-25,000505.SZ,6.85,7.02,0.021385401459854014,0.04900459418070424,time_close
2026-08-25,301398.SZ,32.18,31.82,-0.012302983219390926,0.04718516108037751,time_close
2026-08-25,301218.SZ,46.67,47.01,0.006353010499250054,0.04547491039426532,time_close
2026-08-25,603395.SH,26.9,28.81,0.06972472118959108,0.043849437330228946,time_close
2026-08-26,000523.SZ,3.38,3.42,0.005411242603550295,0.07643312101910826,time_close
2026-08-26,688805.SH,41.93,42.58,0.01451729072263296,0.06151898734177208,time_close
2026-08-26,600594.SH,4.08,4.08,-0.005401960784313725,0.05699481865284972,time_close
2026-08-26,300125.SZ,10.1,10.12,-0.0005009900990100138,0.05098855359001053,time_close
2026-08-26,300534.SZ,17.6,17.3,-0.01867329545454558,0.05074626865671661,time_close
2026-08-26,002925.SZ,23.9,23.56,-0.015555648535564853,0.0496267018006149,time_close
2026-08-26,301312.SZ,77.8,79.51,0.021211375321336875,0.049366064202859494,time_close
2026-08-26,301289.SZ,48.04,46.65,-0.029836074104912576,0.04867932765771665,time_close
2026-08-26,688765.SH,38.08,39.0,0.02312237394957983,0.047881122729774184,time_close
2026-08-26,301207.SZ,18.37,18.26,-0.00757376156777342,0.047320410490307996,time_close
2026-08-27,301276.SZ,21.74,18.44,-0.1531379944802207,0.05790754257907538,time_close
2026-08-27,301591.SZ,45.92,57.5,0.25111607142857145,0.04936014625228524,time_close
2026-08-27,002388.SZ,6.61,6.5,-0.020158850226928895,0.04754358161648198,time_close
2026-08-27,003040.SZ,18.73,18.5,-0.013841430859583555,0.04753914988814323,time_close
2026-08-27,002072.SZ,8.4,9.31,0.10539821428571428,0.04738154613466339,time_close
2026-08-27,603121.SH,14.53,13.84,-0.04934067446662079,0.046829971181556074,time_close
2026-08-27,688185.SH,87.0,82.87,-0.04817741379310345,0.04529616724738661,time_close
2026-08-27,300817.SZ,17.33,16.18,-0.06797980380842457,0.04460518384569001,time_close
2026-08-27,000931.SZ,5.42,5.28,-0.030007380073800737,0.04230769230769216,time_close
2026-08-27,300945.SZ,12.89,13.8,0.06851047323506594,0.04119547657512124,time_close
2026-08-28,300516.SZ,35.2,34.51,-0.020660653409091036,0.07055961070559613,time_close
2026-08-28,300969.SZ,82.98,84.16,0.013472161966738973,0.06384615384615389,time_close
2026-08-28,301389.SZ,62.98,61.45,-0.025098840901873608,0.050542118432026495,time_close
2026-08-28,301662.SZ,76.66,75.35,-0.017840790503522167,0.04984935634072851,time_close
2026-08-28,003043.SZ,83.5,83.25,-0.003732035928143713,0.04571070757670648,time_close
2026-08-28,000059.SZ,5.42,5.78,0.062197416974169736,0.044315992292870865,time_close
2026-08-28,300833.SZ,40.54,41.55,0.023907868771583622,0.044038114859644706,time_close
2026-08-28,301056.SZ,12.49,13.87,0.10833186549239392,0.04344193817878028,time_close
2026-08-28,300820.SZ,57.66,59.12,0.024461325008671524,0.04324226524335062,time_close
2026-08-28,301076.SZ,23.23,23.15,-0.0048030563925957805,0.042639138240574415,time_close
2026-08-31,002534.SZ,16.2,16.89,0.04083672839506173,0.06719367588932812,time_close
2026-08-31,000892.SZ,4.3,4.73,0.09479883720930246,0.06172839506172845,time_close
2026-08-31,300990.SZ,95.88,100.8,0.050579057154776806,0.05548216644649928,time_close
2026-08-31,688623.SH,57.8,57.54,-0.00534204152249135,0.054744525547445244,time_close
2026-08-31,301217.SZ,117.14,114.23,-0.025527164077172614,0.05265995686556435,time_close
2026-08-31,002779.SZ,78.4,76.75,-0.021790497448979707,0.05234899328859077,time_close
2026-08-31,301307.SZ,57.81,57.76,-0.0017104307213284898,0.04785209352909181,time_close
2026-08-31,002855.SZ,16.1,17.71,0.09820776397515511,0.04681404421326407,time_close
2026-08-31,301128.SZ,115.45,116.23,0.006052117799913383,0.04621658359764402,time_close
2026-08-31,301655.SZ,28.46,28.25,-0.008577828531271961,0.04517076753580618,time_close
2026-09-01,603500.SH,10.15,9.67,-0.04973743842364532,0.04855371900826455,time_close
2026-09-01,000505.SZ,7.35,7.09,-0.03857755102040816,0.04850213980028539,time_close
2026-09-01,605068.SH,19.7,21.36,0.08270659898477156,0.046758767268862966,time_close
2026-09-01,002806.SZ,15.31,14.96,-0.024655780535597648,0.045051194539249106,time_close
2026-09-01,300822.SZ,12.5,12.03,-0.0396812,0.04079933388842627,time_close
2026-09-01,000017.SZ,11.36,11.75,0.03205325704225352,0.04029304029304015,time_close
2026-09-01,601929.SH,2.62,2.55,-0.03483778625954209,0.039682539682539764,time_close
2026-09-01,002955.SZ,36.98,40.01,0.08085438074634951,0.03964014619060996,time_close
2026-09-01,600227.SH,5.28,4.91,-0.07432859848484849,0.03937007874015741,time_close
2026-09-01,300229.SZ,14.33,13.63,-0.05071981856245639,0.039158810732414784,time_close
2026-09-02,301606.SZ,54.26,54.37,0.0011576667895318834,0.05359223300970872,time_close
2026-09-02,603221.SH,33.32,30.03,-0.09979036614645859,0.051767676767676685,time_close
2026-09-02,002811.SZ,14.41,15.68,0.08620124913254684,0.049526584122359774,time_close
2026-09-02,300808.SZ,21.97,21.5,-0.022792444242148387,0.048187022900763266,time_close
2026-09-02,002181.SZ,9.83,9.38,-0.048289928789420025,0.04685835995740151,time_close
2026-09-02,600551.SH,9.46,7.96,-0.16109725158562377,0.04646017699115057,time_close
2026-09-02,300968.SZ,11.25,10.48,-0.070688,0.04553903345724919,time_close
2026-09-02,603901.SH,10.44,10.01,-0.04358285440613027,0.04504504504504503,time_close
2026-09-02,002632.SZ,9.88,9.22,-0.06929251012145748,0.044397463002114224,time_close
2026-09-02,605068.SH,21.5,23.5,0.09154651162790697,0.03965183752417789,time_close
2026-09-03,600830.SH,11.0,9.79,-0.11226318181818193,0.06796116504854366,time_close
2026-09-03,300834.SZ,42.27,41.61,-0.016579252424887628,0.05939849624060156,time_close
2026-09-03,301180.SZ,13.12,12.13,-0.07744397865853658,0.058918482647296155,time_close
2026-09-03,000628.SZ,56.93,53.4,-0.06282627788512209,0.05798178777178964,time_close
2026-09-03,301046.SZ,28.35,27.4,-0.0346984126984127,0.057835820895522305,time_close
2026-09-03,605577.SH,13.73,15.55,0.13053350327749452,0.05453149001536106,time_close
2026-09-03,300802.SZ,24.71,23.45,-0.0522753945770943,0.0514893617021277,time_close
2026-09-03,301282.SZ,39.47,39.72,0.005324043577400558,0.04973404255319136,time_close
2026-09-03,301489.SZ,126.17,131.0,0.03755871443290798,0.04966722129783685,time_close
2026-09-03,600228.SH,10.43,10.3,-0.01487535953978907,0.04718875502008024,time_close
2026-09-07,301550.SZ,94.47,97.41,0.03039372287498677,0.05352960856473743,time_close
2026-09-07,301313.SZ,33.64,34.33,0.019406510107015457,0.05125000000000002,time_close
2026-09-07,301193.SZ,21.6,20.95,-0.031503472222222224,0.0500729217306759,time_close
2026-09-07,605188.SH,14.93,14.87,-0.0058563295378432694,0.046984572230013955,time_close
2026-09-07,003005.SZ,18.4,18.72,0.01579565217391317,0.04545454545454519,time_close
2026-09-07,002011.SZ,11.54,11.95,0.03327772963604853,0.044343891402714775,time_close
2026-09-07,601086.SH,13.58,14.95,0.09886045655375553,0.04221028396009219,time_close
2026-09-07,603009.SH,46.5,48.66,0.045498279569892476,0.04166666666666674,time_close
2026-09-07,002992.SZ,34.8,34.06,-0.02232844827586194,0.04129263913824044,time_close
2026-09-07,301511.SZ,90.25,103.08,0.14136456509695292,0.0407057195571956,time_close
2026-09-08,300197.SZ,2.2,2.09,-0.05956590909090921,0.06796116504854366,time_close
2026-09-08,300049.SZ,42.92,43.4,0.010212022367194781,0.052476704266797514,time_close
2026-09-08,300964.SZ,63.98,65.2,0.018246326977180368,0.048680544173086426,time_close
2026-09-08,000930.SZ,5.61,6.41,0.1384661319073084,0.048598130841121634,time_close
2026-09-08,301366.SZ,61.57,58.98,-0.04286974175734936,0.04604145429833495,time_close
2026-09-08,002059.SZ,6.15,6.01,-0.026504878048780486,0.04237288135593209,time_close
2026-09-08,301395.SZ,13.0,12.23,-0.06123961538461539,0.04166666666666674,time_close
2026-09-08,301628.SZ,120.59,128.32,0.0633630400530724,0.03956896551724132,time_close
2026-09-08,301181.SZ,26.47,25.61,-0.033728938420853796,0.03926187671770709,time_close
2026-09-08,301539.SZ,16.4,15.1,-0.08094817073170718,0.036662452591656125,time_close
2026-09-09,001201.SZ,14.41,13.43,-0.06986224843858431,0.051057622173595885,time_close
2026-09-09,600371.SH,15.56,14.15,-0.09235700514138818,0.04781144781144797,time_close
2026-09-09,301699.SZ,32.9,31.03,-0.05791838905775076,0.04278922345483349,time_close
2026-09-09,000911.SZ,6.98,6.47,-0.07639469914040115,0.04179104477611939,time_close
2026-09-09,300491.SZ,34.45,34.62,0.0038516690856310854,0.041414752116082365,time_close
2026-09-09,688600.SH,33.49,33.55,0.0006934905942070903,0.03941651148355074,time_close
2026-09-09,600227.SH,5.32,4.55,-0.14892387218045114,0.0390625,time_close
2026-09-09,605077.SH,13.32,12.83,-0.038769894894894893,0.038191738113795726,time_close
2026-09-09,300943.SZ,40.77,33.91,-0.16916740250183981,0.037404580152671896,time_close
2026-09-09,000713.SZ,7.15,6.96,-0.029857342657342655,0.03623188405797095,time_close
2026-09-10,300852.SZ,60.92,65.59,0.07579128365068943,0.0594782608695652,time_close
2026-09-10,300722.SZ,23.86,23.54,-0.014743084660519698,0.048330404217926004,time_close
2026-09-10,300810.SZ,28.81,26.76,-0.07231447414092329,0.04725554343874938,time_close
2026-09-10,002068.SZ,10.56,9.68,-0.08568560606060606,0.045544554455445585,time_close
2026-09-10,002295.SZ,11.81,11.09,-0.06312828111769687,0.04420866489831998,time_close
2026-09-10,688622.SH,102.0,100.19,-0.018434450980392154,0.039967373572593834,time_close
2026-09-10,603900.SH,8.17,6.89,-0.1595403916768666,0.0394402035623409,time_close
2026-09-10,000048.SZ,21.32,21.82,0.02200234521575985,0.03848027277155386,time_close
2026-09-10,600192.SH,8.68,8.16,-0.06268202764976959,0.038277511961722466,time_close
2026-09-10,002470.SZ,2.75,2.3,-0.17132727272727283,0.037735849056603765,time_close
2026-09-14,603136.SH,11.43,9.73,-0.15090682414698164,0.08960915157292648,time_close
2026-09-14,000037.SZ,10.14,10.03,-0.013315088757396561,0.06849315068493156,time_close
2026-09-14,600697.SH,11.61,11.04,-0.05129371231696813,0.06513761467889889,time_close
2026-09-14,000862.SZ,5.91,5.62,-0.052928934010152286,0.06294964028776984,time_close
2026-09-14,300352.SZ,3.28,2.85,-0.1376295731707317,0.05806451612903207,time_close
2026-09-14,688622.SH,112.49,114.6,0.018045968530536048,0.052587255544118916,time_close
2026-09-14,000430.SZ,7.9,6.54,-0.17509746835443038,0.051930758988016024,time_close
2026-09-14,600785.SH,10.5,9.96,-0.05380761904761894,0.05105105105105112,time_close
2026-09-14,605011.SH,20.78,18.78,-0.09766073147256978,0.05055611729019205,time_close
2026-09-14,600617.SH,3.62,3.34,-0.08333425414364641,0.049275362318840665,time_close
2026-09-15,300991.SZ,32.53,31.53,-0.031840301260375035,0.07359735973597359,time_close
2026-09-15,001216.SZ,16.43,18.07,0.09805021302495434,0.06966145833333326,time_close
2026-09-15,688244.SH,18.5,15.4,-0.16906486486486486,0.05714285714285716,time_close
2026-09-15,603407.SH,55.8,57.88,0.036398924731182794,0.053426467811968914,time_close
2026-09-15,600488.SH,6.37,6.02,-0.05855729984301413,0.05289256198347103,time_close
2026-09-15,301373.SZ,107.48,128.0,0.1901046892445106,0.051560512669993175,time_close
2026-09-15,301282.SZ,44.54,46.73,0.04819566681634486,0.048740287261596515,time_close
2026-09-15,002579.SZ,19.75,19.65,-0.006573417721519102,0.046634870164281805,time_close
2026-09-15,002141.SZ,7.34,6.69,-0.09173637602179838,0.04558404558404572,time_close
2026-09-15,000823.SZ,24.46,25.12,0.025651676206050696,0.04529914529914536,time_close
2026-09-16,002300.SZ,8.15,7.88,-0.03606625766871165,0.06119791666666674,time_close
2026-09-16,000722.SZ,15.15,14.0,-0.0776897689768977,0.053546592489568834,time_close
2026-09-16,600697.SH,10.53,11.28,0.06879012345679013,0.052999999999999936,time_close
2026-09-16,300424.SZ,13.85,15.49,0.11640830324909748,0.051632498101746416,time_close
2026-09-16,301699.SZ,28.16,28.48,0.010147727272727274,0.050354345393510025,time_close
2026-09-16,301300.SZ,34.5,35.25,0.02064855072463768,0.05022831050228316,time_close
2026-09-16,600821.SH,6.49,6.09,-0.06518412942989214,0.04508856682769724,time_close
2026-09-16,600644.SH,9.82,9.81,-0.003554480651731161,0.044680851063829685,time_close
2026-09-16,000809.SZ,3.57,3.56,-0.008901960784313726,0.04385964912280693,time_close
2026-09-16,002669.SZ,14.4,13.82,-0.04214652777777778,0.04347826086956519,time_close
2026-09-17,002068.SZ,11.15,9.98,-0.10717399103139014,0.06291706387035267,time_close
2026-09-17,301303.SZ,14.0,13.91,-0.008353928571428571,0.05740181268882183,time_close
2026-09-17,300243.SZ,20.57,21.95,0.065582158483228,0.05433111225012799,time_close
2026-09-17,688837.SH,41.6,55.6,0.3353894230769231,0.05289800050620097,time_close
2026-09-17,301080.SZ,98.9,109.48,0.1062114459049545,0.04800254318109576,time_close
2026-09-17,000880.SZ,26.08,26.68,0.021727760736196318,0.04570970328789081,time_close
2026-09-17,000603.SZ,35.84,34.76,-0.031176897321428695,0.04337700145560408,time_close
2026-09-17,301043.SZ,52.69,49.67,-0.058167299297779466,0.043366336633663405,time_close
2026-09-17,300553.SZ,62.6,68.68,0.09625654952076693,0.043333333333333446,time_close
2026-09-17,603109.SH,17.39,17.2,-0.01257044278320874,0.043191361727654476,time_close
